<attachments>
						 <company>XYZ</company>
						 <program_name>Big Certification Test with Exam Instructions</program_name>
						 <attachment>
						 						 <sequence>1</sequence>
						 						 <external_file_reference>abcde.jpg</external_file_reference>
												 <page_type>Image</page_type>
						 </attachment>
						 <attachment>
						 						 <sequence>2</sequence>
						 						 <external_file_reference>abcde.jpg</external_file_reference>
												 <page_type>Image</page_type>
						 </attachment>
						 <attachment>
						 						 <sequence>3</sequence>
						 						 <external_file_reference>abcde.jpg</external_file_reference>
												 <page_type>Image</page_type>
						 </attachment>
						 <attachment>
						 						 <sequence>3</sequence>
						 						 <external_file_reference>12345.jpg</external_file_reference>
												 <page_type>Image</page_type>
						 </attachment>
</attachments>
