<blueprint>
					 <company>XYZ</company>
					 <program_name>Big Certification Test with Exam Instructions</program_name>
					 <domains>
					 					<domain>
														<domain_desc>Relational Theory</domain_desc>
														<tasks>
																	 <task>Vocabulary</task>
																	 <task>Logical Database Design</task>
																	 <task>Physical Database Design</task>
														</tasks>
										</domain>
					 					<domain>
														<domain_desc>SQL</domain_desc>
														<tasks>
																	 <task>DML</task>
																	 <task>Joins</task>
																	 <task>Subqueries</task>
														</tasks>
										</domain>
					 					<domain>
														<domain_desc>PL/SQL Fundamentals</domain_desc>
														<tasks>
																	 <task>Primitives, Operators and Delimiters</task>
																	 <task>The Debugger</task>
																	 <task>Flow Control</task>
																	 <task>Cursors</task>
																	 <task>Scope and Error Management</task>
														</tasks>
										</domain>
					 					<domain>
														<domain_desc>Routines</domain_desc>
														<tasks>
																	 <task>Triggers</task>
																	 <task>Procedures</task>
																	 <task>Functions</task>
																	 <task>Packages</task>
														</tasks>
										</domain>
					 					<domain>
														<domain_desc>XML</domain_desc>
														<tasks>
																	 <task>XML Fundamentals</task>
																	 <task>Write XML</task>
																	 <task>Read XML</task>
														</tasks>
										</domain>
					 					<domain>
														<domain_desc>Real-World Examples</domain_desc>
														<tasks>
																	 <task>XML Package</task>
																	 <task>File I/O</task>
																	 <task>Dynamic SQL</task>
														</tasks>
										</domain>
					 </domains>
</blueprint>
