<new_schema>
						<general>  <!-- what program are we talking about -->
										 <company>XYZ</company>
										 <company_street_add1>1234 Elm Street</company_street_add1>
										 <company_street_add2/>
										 <company_city>Denver</company_city>
										 <company_state_prov>Colorado</company_state_prov>
										 <company_postal_code>123456</company_postal_code>
										 <company_country>US</company_country>
										 <program_name>Big Certification Test with Exam Instructions</program_name>
										 <contact_first_name>John</contact_first_name>
										 <contact_last_name>Smith</contact_last_name>
										 <contact_name_prefix>Dr.</contact_name_prefix> <!-- [Mr.|Mrs.|Ms.|Dr.] -->
										 <contact_name_suffix/> <!-- [Jr|II|III|MD|PhD] -->
										 <contact_phone>(123) 456-7894</contact_phone>
										 <contact_email>this_is_mine@gmail.com</contact_email>
										 <Test_or_Training>Both</Test_or_Training> <!-- [Test|Train|Both] --> 
						</general>
						<user_profile>  <!-- what information do we need to collect from each user -->
										<first_name>Rick</first_name>	  
										<last_name>Phillips</last_name> 
										<street_address_1>2091 Elk Ridge Rd </street_address_1>  
										<street_address_2/>  
										<city>Wilkesboro</city> 
										<state_province>NC</state_province>  
										<postal_code></postal_code> 
										<country>US</country> 
										<security_code>123A456B789</security_code>  
										<password>LetMeIn</password> 
										<user_defined_vals>
										 				 <user_defined_val type="integer" valid="check (Age > 0)" name="Age"/>
														 <user_defined_val type="varchar" size="100" valid="check in ('UNC','NC State','Wake Forest','Duke','Appalachian State')" name="University"/>
														 <user_defined_val type="varchar" size="25" valid="check in ('Freshman','Sophmore','Junior','Senior','Grad')" name="Standing"/>
														 <user_defined_val type="varchar" size="20" valid="check in ('Male','Female','Unspecified')" name="Gender"/>
										</user_defined_vals>
						</user_profile>
					  <test> <!-- what is the makeup of the examination -->
									  <examination_name>PL/SQL Intro Cert</examination_name>  
										<practice_license_certification>Cert</practice_license_certification> <!-- [Prac|Lic\Cert] -->
										<scored>Y</scored>  <!-- [Y|N] -->
										<immediate_feedback>Y</immediate_feedback> <!-- [Y|N} -->
										<feedback_after_x>500</feedback_after_x>
										<domain_stats>Y</domain_stats> <!-- [Y|N] -->
										<item_stats>Y</item_stats> <!-- [Y|N] -->
										<passing_score>116</passing_score>
										<duration_seconds>5400</duration_seconds>
										<z_below_weakness>-1.5</z_below_weakness> 
										<z_above_strength>1.5</z_above_strength>
										<five_min_warning>Y</five_min_warning>  <!-- [Y|N] -->
										<lockdown>Y</lockdown>  <!-- [Y|N] -->
										<proctor>Y</proctor>  <!-- [Y|N] -->
										<accommodations>Y</accommodations>  <!-- [Y|N] -->
										<randomized_questions>Y</randomized_questions> <!-- [Y|N] -->
										<randomized_distractors>Y</randomized_distractors>  <!-- [Y|N] -->
									 	<questions>
														<question>
																		 <sequence>1</sequence>
																		 <domain>Data types, Operators and Delimiters</domain>
																		 <task>Mathematical Operators</task>
																		 <question_type>Multiple Choice</question_type>
																		 <stem>What is the exponent operator?</stem>
																		 <correct_response>**</correct_response>
																		 <distractor_1>^</distractor_1>
																		 <distractor_2>exp</distractor_2>
																		 <distractor_3>raise</distractor_3>
																		 <distractor_4>^^</distractor_4>
														</question>
														<question>
																		 <sequence>2</sequence>
																		 <domain>Data Structures</domain>
																		 <task>Table of Record index by</task>
																		 <question_type>Multiple Choice</question_type>
																		 <stem>A table of record types may be indexed by?</stem>
																		 <correct_response>All of the above</correct_response>
																		 <distractor_1>binary_integer</distractor_1>
																		 <distractor_2>pls_integer</distractor_2>
																		 <distractor_3>varchar</distractor_3>
																		 <distractor_4>varchar2</distractor_4>
														</question>
														<question>
																		 <sequence>3</sequence>
																		 <domain>Data Structures</domain>
																		 <task>Table of Record index by</task>
																		 <question_type>Multiple Choice</question_type>
																		 <stem>The code in the attached image is going to generate what?</stem>
																		 <correct_response>All of the above</correct_response>
																		 <distractor_1>binary_integer</distractor_1>
																		 <distractor_2>pls_integer</distractor_2>
																		 <distractor_3>varchar</distractor_3>
																		 <distractor_4>varchar2</distractor_4>
																		 </question>
																		 <!-- this would normally go on for some 150 - 200 questions -->
													</questions>
									 </test>
									 <training>
									 					 <training_name>Very Short Training Program</training_name>
														 <tracked>Y</tracked> <!-- [Y|N] -->
														 <sections>
														 					 <section>
																			 					<section_title>Section 1</section_title>
																								<chapters>
																													<chapter>
																																	 <chapter_title>Chapter Title 1</chapter_title>
																																	 <pages>
																				 													 				<page>
																				       																	<page_title>Examination Instructions P1</page_title>
																				 			 																	<page_sequence>1</page_sequence>
																				 			 																	<external_file_reference>this_file.pdf</external_file_reference>
																							 																	<page_type>Text</page_type>	<!-- [Video|Image|Sound|Text|PPT] -->
																				 																	</page>
																				 																	<page>
																				       																	<page_title>Examination Instructions P2</page_title>
																				 			 																	<page_sequence>2</page_sequence>
																				 			 																	<external_file_reference>next_file.pdf</external_file_reference>
																							 																	<page_type>Text</page_type>	
																				 																	</page>
																				 																	<page>
																				       																	<page_title>Examination Instructions P3</page_title>
																				 			 																	<page_sequence>3</page_sequence>
																				 			 																	<external_file_reference>last_file.pdf</external_file_reference>
																							 																	<page_type>Text</page_type>	
																				 																	</page>
																																		</pages>
																													</chapter>
												 												</chapters>
									   									</section>
							   						</sections>
									</training>
</new_schema>